<?xml version="1.0" encoding="UTF-8"?>
<project-private xmlns="http://www.netbeans.org/ns/project-private/1">
    <editor-bookmarks xmlns="http://www.netbeans.org/ns/editor-bookmarks/2" lastBookmarkId="0"/>
    <open-files xmlns="http://www.netbeans.org/ns/projectui-open-files/2">
        <group>
            <file>file:/D:/Sem%204/prak%20PBO/JasaLaundry/src/jasalaundry/Akun.java</file>
            <file>file:/D:/Sem%204/prak%20PBO/JasaLaundry/src/jasalaundry/KontrolUser.java</file>
            <file>file:/D:/Sem%204/prak%20PBO/JasaLaundry/src/jasalaundry/Adminpage.java</file>
            <file>file:/D:/Sem%204/prak%20PBO/JasaLaundry/src/jasalaundry/Koneksi.java</file>
            <file>file:/D:/Sem%204/prak%20PBO/JasaLaundry/src/jasalaundry/KontrolLogin.java</file>
            <file>file:/D:/Sem%204/prak%20PBO/JasaLaundry/src/jasalaundry/KontrolRegis.java</file>
            <file>file:/D:/Sem%204/prak%20PBO/JasaLaundry/src/jasalaundry/Login.java</file>
            <file>file:/D:/Sem%204/prak%20PBO/JasaLaundry/src/jasalaundry/Register.java</file>
        </group>
    </open-files>
</project-private>
